word,definition,variants,letter,original
Абие,"тотчас, с тех пор как, когда.",,А,Абие
Абы,"чтобы, дабы.",,А,Абы
Агнец,"ягненок, барашек.",,А,Агнец
Аз,местоимение «я» или наименование первой буквы алфавита.,,А,Аз
Аз,названия первых букв славянского алфавита.,"буки, веди",А,"Аз, буки, веди"
Аки,"как, так как, подобно, словно, как бы.",,А,Аки
Алтын,старинная серебряная монета достоинством в три копейки.,,А,Алтын
Алчешь,от слова «алкать» – жадно хотеть.,,А,Алчешь
Ан,"если же, между тем, ведь.",аже,А,"Ан, аже"
Анбар,строение для хранения хлеба или товаров.,,А,Анбар (амбар)
Арака,пшеничная водка,,А,Арака
Арапчик,голландский червонец.,,А,Арапчик
Аргамак,"восточный породистый конь, скакун: на свадьбе – конь под седлом, а не в упряжке",,А,Аргамак
Армяк,мужская верхняя одежда из суконной или шерстяной ткани.,,А,Армяк
Аршин,"русская мера длины, равная 0,71 м; линейка, планка такой длины для измерения.",,А,Аршин
Аще,"если, ежели, когда.",,А,Аще
Бабка,"четыре снопа овса – колосьями вверх, накрытые пятым – колосьями вниз – от дождя.",,Б,Бабка
Бадог,"батог, палка, посох, хлыст.",,Б,Бадог
Баженый,"любимый, от слова «бажать» – любить, желать, иметь склонность.",,Б,Баженый
Базланить,"реветь, кричать.",,Б,Базланить
Барбер,"брадобрей, парикмахер.",,Б,Барбер
Барда,"гуща, остатки от перегона хлебного вина, используемые на откорм скоту.",,Б,Барда
Барщина,"даровой принудительный труд крепостных крестьян, работавших со своим инвентарем в хозяйстве земельного собственника, помещика. Кроме того, барщинные крестьяне платили помещику различные натуральные подати, поставляя ему сено, овес, дрова, масло, птицу и т. д. За это помещик выделял крестьянам часть земли и позволял ее обрабатывать Барщина составляла 3–4, а порой даже 6 дней в неделю. Указ Павла I (1797 г.) о трехдневной барщине носил рекомендательный характер и в большинстве случаев помещиками игнорировался.",,Б,Барщина
Баской,"красивый, нарядный.",,Б,Баской
Басок,"краткая форма от слова «баской» – красивый, пригожий, украшенный.",,Б,Басок
Бастион,"земляное или каменное укрепление, образующее выступ на крепостном валу.",,Б,Бастион
Басурман,"враждебно-недоброжелательное наименование магометанина, а также вообще иноверца, иноземца.",,Б,Басурман
Баталья,"битва, сражение.",,Б,Баталья (баталия)
Бахарь,"говорун, краснобай.",,Б,Бахарь
Баять,"говорить, болтать, беседовать.",,Б,Баять
Бдеть,"заботиться; быть на страже, бдительным.",,Б,Бдеть
Беглость,скорость.,,Б,Беглость
Безвременье,"беда, тяжелое испытание, время.",,Б,Безвременье
Безмен,ручные весы с неравным рычагом и перемещающейся точкой опоры.,,Б,Безмен
Безобычный,"не знающий обычаев, житейских правил, приличий.",,Б,Безобычный
Бела можайская,древнерусский сорт наливных яблочек,,Б,Бела можайская
Бельмес,"не разумеешь ничего, совсем не разумеешь.",,Б,Бельмес (татарское «белмэс»)
Бердо,принадлежность ткацкого стана.,,Б,Бердо
Бережь,осторожность.,,Б,Бережь
Беремя,"бремя, тяжесть, ноша; охапка, сколько можно обнять руками.",,Б,Беремя
Бесперечь,"безусловно, несомненно, беспрестанно.",,Б,Бесперечь
Бесстудный,бесстыдный.,,Б,Бесстудный
Бечева,"прочная веревка, канат; бечевая тяга – передвижение судна бечевой, которую тянули по берегу люди или лошади.",,Б,Бечева
Бечет,драгоценный камень типа рубина,,Б,Бечет
Бирка,"палочка или дощечка, на которой зарубками или краской кладутся знаки, заметки.",,Б,Бирка
Бирюк,"зверь, медведь.",,Б,Бирюк
Битые караваи,взбитое на сливках тесто для калачей,,Б,Битые караваи
Бить челом,"низко кланяться; просить о чем-либо; подносить подарок, сопровождая подношение просьбой.",,Б,Бить челом
Биться об заклад,спорить на выигрыш.,,Б,Биться об заклад
Благовещенье,христианский праздник в честь Богородицы (25 марта по ст. ст.).,,Б,Благовещенье
Благой,"добрый, хороший.",,Б,Благой
Бо,"ибо, потому что.",,Б,Бо
Бобыль,"одинокий, бесприютный, бедный крестьянин.",,Б,Бобыль
Боден,"бодец, шпора на ногах петуха.",,Б,Боден
Божедом,"сторож на кладбище, могильщик, сторож, староста дома для престарелых, инвалидов.",,Б,Божедом
Болван,"статуя, истукан, чурбан.",,Б,Болван
Борис и Глеб,"христианские святые, день которых отмечался 2 мая по ст. ст.",,Б,Борис и Глеб
Бортник,"человек, занимающийся лесным пчеловодством (от слова «борт» – дуплянистое дерево, в котором гнездятся пчелы).",,Б,Бортник
Ботало,"колокольчик, колокольный язык, било.",,Б,Ботало
Бочаг,"глубокая лужа, колдобина, ямина, залитая водой.",,Б,Бочаг
Бражник,пьяница.,,Б,Бражник
Браный,узорчатый (о ткани).,,Б,Браный
Братина,"небольшая чаша, кубок с шаровидным корпусом, служил для питья вкруговую",,Б,Братина
Братыня,"братина, сосуд для пива.",,Б,Братыня
Брашно,"еда, яство, кушанье, съестное.",,Б,Брашно
Бредень,"небольшой невод, которым ловят рыбу вдвоем, идя бродом.",бредник,Б,"Бредень, бредник"
Буде,"если, ежели, когда, коли.",,Б,Буде
Буерак,сухой овраг.,,Б,Буерак
Буза,"каменная соль, которую давали животным.",,Б,Буза
Булава,"знак начальственной власти, также оружие (палица) или набалдашник.",,Б,Булава
Бурачок,"кузовок, небольшой короб из бересты.",,Б,Бурачок
Бученье,"от слова «бучить» – вымачивать, белить холсты.",,Б,Бученье
Буява,"кладбище, могила.",буево,Б,"Буява, буево"
Былица,"былинка, стебель травы.",,Б,Былица
Быличка,"рассказ о нечистой силе, в достоверности которого не сомневаются.",,Б,Быличка
Вадить,"манить, привлекать, приучать.",,В,Вадить
Важно,"тяжело, тяжко.",,В,Важно
Валы,волны.,,В,Валы
Вандыш,"снеток, сушеная рыбка вроде ерша",,В,Вандыш
Варган («на кургане,"может быть, от «ворга» – поляна, заросшая высокой травой; покосное, открытое место в лесу.",на варгане»),В,"Варган («на кургане, на варгане»)"
Варюха,"христианская святая, день которой отмечался 4 декабря по ст. ст.",Варвара,В,"Варюха, Варвара"
Вахмистр,старший унтер-офицер в кавалерийском эскадроне.,,В,Вахмистр
Ващец,ваша милость.,,В,Ващец
Введенье,"введение, христианский праздник в честь Богородицы (21 ноября по ст. ст.).",,В,Введенье
Вдругорь,"опять, вторично.",,В,Вдругорь
Ведрина,"от слова «вёдро» – ясная, теплая, сухая погода (не зимняя).",,В,Ведрина
Вежество,"воспитанность, учтивость, вежливость.",,В,Вежество
Векошники,"пироги, заправленные мясными и рыбными остатками пищи.",,В,Векошники
Великий четверток,четверг на последней неделе великого поста (перед пасхой).,,В,Великий четверток
Верес,можжевельник.,,В,Верес
Веретье,грубая ткань из конопли.,,В,Веретье
Верея (веретья,"столб, на который навешиваются ворота; косяк у дверей, ворот.","верейка, вереюшка)",В,"Верея (веретья, верейка, вереюшка)"
Верстень,верста.,,В,Верстень
Вертел,"прут, на котором жарят мясо, поворачивая его над огнем.",,В,Вертел
Вертеп,"пещера; притон; большой ящик с марионетками, управляемыми снизу сквозь прорези в полу ящика, в котором разыгрывались представления на тему Рождества Христова.",,В,Вертеп
Верша,"рыболовный снаряд, сделанный из прутьев.",,В,Верша
Вершник,верховой; едущий впереди верхом.,,В,Вершник
Веселко,мешалка.,,В,Веселко
Ветр,Добавлено из анализа облаков слов (ручная проверка),,В,Ветр
Вечка,медная кастрюля.,,В,Вечка
Вечор,"вчера вечером, вчера.",,В,Вечор
Вешаные (грибы,сушеные.,мясо и пр.),В,"Вешаные (грибы, мясо и пр.)"
Взор,Добавлено из анализа облаков слов (ручная проверка),,В,Взор
Виклина,ботва.,,В,Виклина
Вина,"причина, повод.",,В,Вина
Вица,"хворостинка, прут, хлыст.",вичка,В,"Вица, вичка"
Власно,"точно, собственно.",,В,Власно
Водильщик,вожак медведя.,,В,Водильщик
Войт,"старшина в сельском округе, выборный староста.",,В,Войт
Волна,шерсть.,,В,Волна
Волога,"мясной бульон, всякая жирная жидкая пища.",,В,Волога
Волок,"от слова «волочить», путь на водоразделе, по которому переволакивают грузы и лодки.",,В,Волок
Волосник,"женский головной убор, сетка из золотой или серебряной нити с ошивкой (чаще не праздничный, как кика, а каждодневный), род шапочки.",,В,Волосник
Волотки,"стебли, соломинки, былинки; верхняя часть снопа с колосьями.",,В,Волотки
Воровина,"сапожная дратва, также веревка, аркан.",,В,Воровина
Ворогуха,"ворожея, гадалка, злоумышленница.",ворогуша,В,"Ворогуха, ворогуша"
Воронец,"брус в избе, служащий полкой.",,В,Воронец
Воронограй,гадание по крикам ворона; книга с описанием таких примет.,,В,Воронограй
Вотчина,"родовое именье землевладельца, переходящее по наследству.",,В,Вотчина
Вотще,напрасно.,,В,Вотще
Враг,"дьявол, бес.",,В,Враг
Временщик,"человек, достигший власти и высокого положения в государстве благодаря личной близости к монарху.",,В,Временщик
Временьщик,"человек, достигший высокого положения благодаря случаю.",,В,Временьщик
Вскую,"попусту, напрасно, зря.",,В,Вскую
Всугонь,вдогонку.,,В,Всугонь
Всуе,"напрасно, попусту.",,В,Всуе
Всяк,Добавлено из анализа облаков слов (ручная проверка),,В,Всяк
Вчуже,"со стороны, не будучи в близких отношениях.",,В,Вчуже
Выборный,избранный голосованием.,,В,Выборный
Выну,"всегда, во всякое время, непрестанно.",,В,Выну
Вырай (вирий,"дивная, обетованная, теплая сторона, где-то далеко у моря, доступная только птицам и змеям.",ирий),В,"Вырай (вирий, ирий)"
Выть,"время еды, также доля пищи, часть еды.",,В,Выть
Вьялица,вьюга.,,В,Вьялица
Вящий,"больший, высший.",,В,Вящий
Вёдро,"ясная, тихая погода.",,В,Вёдро
Гай,"дубрава, роща, небольшой лиственный лес.",,Г,Гай
Галун,золотая или серебряная мишурная тесьма.,,Г,Галун
Гарнизон,"войсковые части, расположенные в городе или крепости.",,Г,Гарнизон
Гарчик,"горшок, кринка.",,Г,Гарчик
Гатки,настил из бревен или хвороста на топком месте. Нагатить – настлать гать.,гать,Г,"Гатки, гать"
Гашник,"пояс, ремень, шнурок для завязки штанов.",,Г,Гашник
Гвардия,"отборные привилегированные войска; воинские части, служащие охраной при государях или военачальниках.",,Г,Гвардия
Геенна,ад.,,Г,Геенна
Генерал,"военный чин первого, второго, третьего или четвертого классов по Табели о рангах.",,Г,Генерал
Генерал,"поручик – генеральский чин третьего класса, при Екатерине II соответствовавший чину генерал-лейтенанта согласно петровской Табели о рангах.",,Г,Генерал
Георгий,христианский святой Георгий Победоносец; Егорий-вешний (23 апреля) и Егорьев (Юрьев) день (26 ноября по ст. ст.) праздники в его честь.,,Г,Георгий
Гинуть,"сгинуть, пропадать.",,Г,Гинуть
Глазетовый,сшитый из глазета (сорта парчи с вытканными на ней золотыми и серебряными узорами).,,Г,Глазетовый
Глас,Добавлено из анализа облаков слов (ручная проверка),,Г,Глас
Глезно,"голень, лодыжка.",,Г,Глезно
Говейно,пост (госпожино говейно – Успенский пост и т. д.),,Г,Говейно
Говеть,"соблюдать пост, воздерживаться от пищи.",,Г,Говеть
Говоря,речь.,,Г,Говоря
Гоголь,птица из породы уток-нырков.,,Г,Гоголь
Година,"хорошая ясная погода, ведро.",,Г,Година
Годиться,"дивиться, любоваться, засматриваться; глазеть, пялить глаза; насмехаться, изгаляться.",,Г,Годиться
Годы годуй,"годы живи, от слова «годовать» – жить.",,Г,Годы годуй
Голбчик,"голбец, отгородка в виде чулана в избе между печью и полатями, припечье со ступеньками для всхода на печь и полати и и с лазом в подполье.",,Г,Голбчик
Голдеть,"шумно разговаривать, кричать, браниться.",голдобить,Г,"Голдеть, голдобить"
Голик,веник без листьев.,,Г,Голик
Голицы,кожаные рукавицы без шерстяной подкладки.,,Г,Голицы
Голландчик,"червонцы, битые на санкт-петербургском Монетном дворе.",,Г,Голландчик
Голомя,открытое море.,,Г,Голомя
Голь,"оборванцы, голяки, нищие.",,Г,Голь
Горе,вверх.,,Г,Горе
Горка,"погост, место, где жили служители церкви.",,Г,Горка
Горлатная шапка,"пошитая из очень тонкого меха, взятого с шеи животного; по форме – высокая прямая шапка с тульей, расширяющейся кверху.",,Г,Горлатная шапка
Горница,"комната, расположенная обычно в верхнем этаже дома.",,Г,Горница
Горница,чистая половина избы.,,Г,Горница
Горячка,тяжелое заболевание с сильным жаром и ознобом; белая горячка – здесь: состояние болезненного бреда при высокой температуре или временном помешательстве.,белая горячка; горячка,Г,"Горячка, белая горячка; горячка"
Гостика,гостья.,,Г,Гостика
Грамота,"письмо; официальный документ, указ, дающий кому-нибудь право на что-нибудь.",,Г,Грамота
Гривна,гривенник; в Древней Руси денежная единица – серебряный или золотой слиток весом около фунта.,,Г,Гривна
Грош,старинная монета достоинством в две копейки.,,Г,Грош
Грумант,"старинное русское название архипелага Шпицберген, открытого нашими поморами в ХV веке.",,Г,Грумант
Грунь,тихая конская рысь.,груна,Г,"Грунь, груна"
Грядка,"шест, жердь, подвешенная или приделанная лежмя, перекладина, жердочка в избе, от стены к стене.",,Г,Грядка
Губа,"залив, затон.",,Г,Губа
Губернатор,правитель губернии.,,Г,Губернатор
Губчатые сыры,"творожная масса, сбитая со сметаной.",,Г,Губчатые сыры
Гудок,трехструнная скрипка без выемок по бокам корпуса.,,Г,Гудок
Гуж,"петля, которая скрепляет оглобли и дугу.",,Г,Гуж
Гужи с чесноком,калачи взварные.,,Г,Гужи с чесноком
Гумно,"место для хранения хлеба в снопах и молотьбы, крытый ток.",,Г,Гумно
Гуня,"старая, истрепанная одежда.",гунька,Г,"Гуня, гунька"
Даве,недавно.,,Д,Даве
Дворница,хозяйка постоялого двора.,,Д,Дворница
Деверь,брат мужа.,,Д,Деверь
Девичья,"комната в помещичьих домах, где жили и работали крепостные дворовые девушки.",,Д,Девичья
Девятина,срок в девять дней.,,Д,Девятина
Дежа,"опара для теста, квашня; кадка, в которой месят тесто для хлеба.",,Д,Дежа
Действители,актеры.,,Д,Действители
Дел,дележ.,,Д,Дел
Делёнка,"женщина, постоянно занятая делом, рукоделием.",,Д,Делёнка
Денница,утренняя заря.,,Д,Денница
Деньга,"старинная монета достоинством в две полушки или в полкопейки; деньги, капитал, богатство.",,Д,Деньга
Десная,"правая, правая рука.",десница,Д,"Десная, десница"
Десятью,десять раз.,,Д,Десятью
Дивый,дикий.,,Д,Дивый
Диплом офицерский,жалованная грамота на офицерское звание.,,Д,Диплом офицерский
Дмитриева суббота,"день поминовения умерших (между 18 и 26 октября), установленный Дмитрием Донским в 1380 году после Куликовской битвы.",,Д,Дмитриева суббота
Дна,"болезни внутренних органов, ломота в костях, грыжа.",,Д,Дна
Днесь,"ныне, теперь, сегодня.",,Д,Днесь
Доброхот,"доброжелатель, покровитель.",,Д,Доброхот
Довлеет,"следует, должно, надлежит, прилично.",,Д,Довлеет
Довлеть,быть достаточным.,,Д,Довлеть
Довод,"донос, обличенье, жалоба.",,Д,Довод
Доволе,"сколько хочешь, сколько нужно, достаточно.",доволи,Д,"Доволе, доволи"
Докука,"надоедливая просьба, также скучное, надоевшее дело.",,Д,Докука
Долить,одолевать.,,Д,Долить
Долонь,ладонь.,,Д,Долонь
Доля,"участок, пай, надел, жребий; участь, судьба, рок.",,Д,Доля
Домовина,гроб.,,Д,Домовина
Дондеже,"до тех пор, пока.",,Д,Дондеже
Донце,"дощечка, на которую садится пряха и в которую вставляется гребень и куделя.",,Д,Донце
Доправить,"стребовать подать, долг.",,Д,Доправить
Дор,грубая дранка.,,Д,Дор
Дороги,очень тонкая восточная шелковая ткань.,,Д,Дороги
Досюльный,"давний, прежний.",,Д,Досюльный
Доха,шуба с мехом внутрь и наружу.,,Д,Доха
Драгун,"воин кавалерийских частей, действовавших как в конном, так и в пешем строю.",,Д,Драгун
Драницы,"тонкие дощечки, сколотые с дерева.",,Д,Драницы
Дресва,"крупный песок, который употребляется при мытье некрашеных полов, стен, лавок.",,Д,Дресва
Дроля,"милый, дорогой, любимый.",,Д,Дроля
Дружка,приглашенный женихом распорядитель на свадьбе.,,Д,Дружка
Дубец,"молодой дуб, дубок, полка, посох, розга, хворостина.",,Д,Дубец
Дубник,"дубовая кора, необходимая для разных хозяйственных работ, в том числе и для дубления кож.",,Д,Дубник
Дымчатые мехи,"мешки, пошитые из выделанных на пару шкур (и поэтому особенно мягких).",,Д,Дымчатые мехи
Дымье,пах.,,Д,Дымье
Дышло,"одиночная оглобля, укрепленная к передней оси для поворота повозки, при парной запряжке.",,Д,Дышло
Дьячиха,жена дьячка.,,Д,Дьячиха
Дядька,"слуга, приставленный для надзора к мальчику в дворянских семьях.",,Д,Дядька
Евдокеи,"христианская св. Евдокия, день которой отмечался 1 марта по ст. ст.",,Е,Евдокеи
Егда,когда.,,Е,Егда
Единочадый,единственный сын у родителей.,,Е,Единочадый
Едь,еда.,,Е,Едь
Еже,которое.,,Е,Еже
Ежеден,"ежедневно, каждодневно.",,Е,Ежеден
Елей,"оливковое масло, которое употребляли в церковной службе.",,Е,Елей
Елень,олень.,,Е,Елень
Елико,сколько.,,Е,Елико
Елка,"еловая ветка на крыше или над дверью избы – знак, что в ней находится трактир.",,Е,Елка
Елоза,"непоседа, проныра, льстец.",,Е,Елоза
Ельцы,разного вида фигурное печенье.,,Е,Ельцы
Ендова,широкий сосуд с носком для разливания жидкостей.,,Е,Ендова
Епанча,"старинный длинный и широкий плащ, покрывало.",,Е,Епанча
Еремей,"христианский пророк Иеремий, день которого отмечался 1 мая; христианский апостол Эрма, день которого отмечался 31 мая.",,Е,Еремей
Ернишный,"от «ерник»: мелкий, малорослый лес, мелкий березовый кустарник.",,Е,Ернишный
Ерофеич,"горькое вино; водка, настоянная травами.",,Е,Ерофеич
Ерычется по брюху,"от слова «ерыкать» – ругаться, сквернословить.",,Е,Ерычется по брюху
Ества,"еда, кушанье.",,Е,Ества
Ество,пища.,,Е,Ество
Естество,природа.,,Е,Естество
Етчи,есть.,,Е,Етчи
Жальник,"кладбище, могилы, погост.",,Ж,Жальник
Железа,"оковы, цепи, кандалы.",,Ж,Железа
Жеманство,отсутствие простоты и естественности; манерность.,,Ж,Жеманство
Жеребей,жребий.,,Ж,Жеребей
Живет,бывает.,,Ж,Живет
Живот,"жизнь, имущество; душа; скот.",,Ж,Живот
Животы,"живность, достаток, богатство.",,Ж,Животы
Живут,бывают.,,Ж,Живут
Жило,"жилое место, помещение.",,Ж,Жило
Жир,"добро, имущество; хорошая, привольная жизнь.",,Ж,Жир
Житник,ржаной или ячменный печеный хлеб.,,Ж,Житник
Жито,"всякий хлеб в зерне или на корню; ячмень (северн.), рожь немолотая (южн.), всякий яровой хлеб (вост.).",,Ж,Жито
Жнива,"жатва, уборка хлебов; полоса после выжатого хлеба.",,Ж,Жнива
Жупан,старинный полукафтан.,,Ж,Жупан
Журливый,ворчливый.,,Ж,Журливый
Жялвей,"нарыв, опухоль на теле.","желвь, жоль",Ж,"Жялвей, желвь, жоль"
Забедовать,"жаловаться, плакаться.",,З,Забедовать
Забела,"сметана; в широком смысле кушанье, заправленное молоком или сметаной.",,З,Забел(к)а
Завертка,веревочная привязь оглобли к повозке.,,З,Завертка
Завидит,завидует.,,З,Завидит
Загнета,зольник русской печи.,,З,Загнета (загнетка)
Загнетка,"площадка печи между утьем и топкой, заулок на шестке русской печи, куда сгребают жар.",,З,Загнетка
Заговенье,"последний день перед постом, когда можно употреблять скоромную пищу.",,З,Заговенье
Зазор,стыд.,,З,Зазор
Законоломный,противозаконный.,,З,Законоломный
Закорм,"искаженное: закром, сусек.",,З,Закорм
Залом,"скрученный пучок колосьев; обычно делается колдуном или ведьмой на порчу или на пагубу нивы, а также хозяина нивы.",,З,Залом
Залучать,заманивать.,,З,Залучать
Замиренный,переставший ссориться.,,З,Замиренный
Заневоль,поневоле.,,З,Заневоль
Зановитый,запачканное или загрязненное что-то новое чистое; облегчивший сердце (от «зановить»; отвести душу облегчить сердце).,,З,Зановитый
Зарадеться,обрадоваться.,,З,Зарадеться
Зарод,"большой стог сена, хлеба, не круглой кладки, а продолговатый.",,З,Зарод
Засек,"сусек, закром; перегородка закрома.",,З,Засек
Заспа,"ячневая или овсяная крупа, служившая для заправки супа; вообще запасы всякой крупы.",,З,Заспа
Застава,"место въезда в город или выезда из него, в старину охраняемое стражей; воинское подразделение, несущее сторожевое охранение; место расположения пограничной охраны.",,З,Застава
Затулье,"ограда, защита.",,З,Затулье
Звездословие,астрологические книги.,,З,Звездословие
Звездочетье,астрология зендени – привозная хлопчатобумажная ткань; ценилась выше шерсти и шелка (см. также киндяки).,,З,Звездочетье
Зде,здесь.,,З,Зде
Зело,очень.,,З,Зело
Зельный,"огромный, сильный, великий.",,З,Зельный
Земский,"земский староста, представитель земского самоуправления; избирался миром, городским и сельским; главной обязанностью земского старосты был суд и раскладка податей (налогов); за свою службу земский староста получал право землевладения.",,З,Земский (земской)
Земщина,выделенная Иваном Грозным во владение боярству часть Московского государства.,,З,Земщина
Зеница,"глаз, зрачок.",,З,Зеница
Зень,земля.,,З,Зень
Зернь,"кости, игра в кости: гадание в кости.",,З,Зернь
Зернь,игра в кости или зёрна.,,З,Зернь
Зимник,"дорога зимняя, санный путь.",,З,Зимник
Зинуть,взглянуть.,,З,Зинуть
Зипун,"крестьянский кафтан из грубого толстого сукна, в старину без ворота.",,З,Зипун
Злочинства,злодеяния.,,З,Злочинства
Злыдень,"несчастье, злая, жестокая судьба.",,З,Злыдень
Зобанец,жидкая гороховая похлебка.,,З,Зобанец
Зобать,"собирать, есть, хватать.",,З,Зобать
Золотное платье,златотканое (особо ценное).,,З,Золотное платье
Зрелки,зрелые ягоды.,,З,Зрелки
Зрети,Добавлено из анализа облаков слов (ручная проверка),,З,Зрети
Зря,здесь: видеть.,,З,Зря (зреть)
Зуй,птица из рода куликов.,,З,Зуй
Иванов день,"день летнего солнцестояния, 24 июня по ст. ст.",Иван Купала,И,"Иванов день, Иван Купала"
Идра,гидра.,,И,Идра
Иже,"что, кто, который.",,И,Иже
Избыть,"погубить, извести, сбыть.",,И,Избыть
Извадиться,приучиться к дурным привычкам.,,И,Извадиться
Извары,специальные сосуды типа ушат для приготовления напитков,звары,И,"Извары, звары"
Извет,"донос, сообщение о чем-нибудь властям; здесь: наговор, клевета.",,И,Извет
Изветлив,от слова «извет» – клевета.,,И,Изветлив
Извоз,"отхожий промысел крестьян, которые нанимались перевозить грузы на своих лошадях.",,И,Извоз
Изгреби,"вычески кудели, остающиеся после обработки льна.",,И,Изгреби
Изруч,"из руки, от руки, руками.",,И,Изруч
Иль,Добавлено из анализа облаков слов (ручная проверка),,И,Иль
Ильин день,отмечаемый церковным календарем (20 июля ст. стиля) праздник Ильи-пророка.,,И,Ильин день
Имут,имеют.,,И,Имут
Инда,даже.,,И,Инда
Инде,"кое-где, в другом месте, когда-либо.",,И,Инде
Инно,"как, будто.",,И,Инно
Ино,иногда.,,И,Ино
Ирина,"христианская святая Ирина, день которой отмечался 16 апреля по ст. ст.",,И,Ирина
Искренок,"выемка в печи, служившая для хранения сухой растопки и кресала для разжигания огня",,И,Искренок
Искус,опыт.,,И,Искус
Исподний,нижний.,,И,Исподний
Исполать,"хвала, слава, спасибо.",,И,Исполать
Кабала,письменное кабальное обязательство.,,К,Кабала
Казак,"работник. (работница), батрак, наемный работник.",казачиха,К,"Казак, казачиха"
Казнодей,проповедник.,,К,Казнодей
Казнь,"наказание, возмездие.",,К,Казнь
Кайка,"каяние, от слова «каяться», признавать, сознавать проступок, грех.",,К,Кайка
Калика,"паломник, странник, нищий.",,К,Калика
Камер,лакей – старший лакей при царском дворе.,,К,Камер
Камзол,"мужская куртка без рукавов, надеваемая под верхнюю одежду.",,К,Камзол
Камка,старинная плотная шелковая узорчатая китайская ткань.,,К,Камка
Канон,часть церковного песнопения,,К,Канон
Канонир,"пушкарь, рядовой артиллерист.",,К,Канонир
Канун,"время, предшествующее какому-либо празднику; поминки по покойнику.",,К,Канун
Капитан,"лицо, имевшее офицерский чин IX класса.",,К,Капитан
Капрал,"лицо, имевшее первый после рядового военный чин.",,К,Капрал
Каптан,зимний крытый возок.,,К,Каптан
Каптур,"меховой зимний убор у замужних женщин, особенно у вдов; закрывал голову и по сторонам лицо и плечи (ср. позже – капор).",,К,Каптур
Каравайцы,пшеничные блины.,,К,Каравайцы
Картагинейцы,жители Карфагена.,,К,Картагинейцы
Картечь,"снаряд, состоявший из чугунных пуль, вложенных в жестянку или мешок, которыми в совокупности стреляли из артиллерийских орудий и мушкетонов.",,К,Картечь
Кастить,"пакостить, вредить, грязнить.",,К,Кастить
Кат,палач.,,К,Кат
Катанки,валенки.,,К,Катанки
Кашеновые раки,"отловленные кошем, т. е. корзиной (здесь мелкие).",,К,Кашеновые раки
Каять,"ругать, проклинать, порицать, осуждать, хаять.",,К,Каять
Кебеняк,верхний мужской плащ из сукна с капюшоном и длинными рукавами.,кобеня,К,"Кебеняк, кобеня"
Келья,"комната монаха, здесь (в переносном смысле): уединенная комната.",,К,Келья
Кивот,застекленный небольшой шкаф или ящик для икон.,,К,Кивот
Кий,"палка, посох, батог.",киек,К,"Кий, киек"
Кика,"женский головной убор округлой формы (символическое обозначение замужней женщины); кика дополнялась платком с вышивкой (подзатыльник) и повойником (подубрусником), который прикрывал волосы, опускаясь на плечи и грудь.",,К,Кика
Кила,грыжа.,,К,Кила
Киндяки,привозные хлопчатобумажные ткани.,,К,Киндяки
Киса,мешок.,,К,Киса
Кистень,"старинное оружие, состоящее из тяжелого набалдашника на короткой рукоятке.",,К,Кистень
Кистень,"старинное оружие, состоящее из металлического шара или гири, прикрепленных ремнем к короткой рукоятке.",,К,Кистень
Китайка,сорт хлопчатобумажной ткани.,,К,Китайка
Китайчатый,"сделанный из китайки, особого сорта хлопчатобумажной ткани.",,К,Китайчатый
Китина,стебли долгоствольного растения.,кита,К,"Китина, кита"
Кичижки,"молотило, заменяющее цеп.",кичига,К,"Кичижки, кичига"
Кичка,старинный русский праздничный головной убор замужней женщины.,,К,Кичка
Кишка,домашняя колбаса.,,К,Кишка
Клеть,"отдельная нежилая постройка для хранения имущества, кладовая, чулан, холодная половина избы.",,К,Клеть
Клобук,монашеский головной убор.,,К,Клобук
Клюка,"крюк, палка с загибом для поддержки желоба под стрехою крестьянской тесовой кровли или для пригнета соломенной.",,К,Клюка
Клятва,"присяга, заклинание, проклятие.",,К,Клятва
Кляч,"короткий шест, распорок.",,К,Кляч
Кныши,"лепешки с маслом; пирожок, пшеничный хлебец.",,К,Кныши
Князь,"почетный титул, наследственный или жалованный.",,К,Князь
Кодекс,"свод правил, законов.",,К,Кодекс
Кожух,тулуп из овчины.,,К,Кожух
Кой,"какой, какая, какое.","коя, кое",К,"Кой, коя, кое"
Кокурка,булочка с яйцом.,,К,Кокурка
Колико,"сколько, как.",,К,Колико
Коллежский советник,"лицо, имевшее гражданский чин VI класса.",,К,Коллежский советник
Коло,"колесо, круг.",,К,Коло
Колодка,"деревянный брусок особой формы, надевавшийся на ноги арестантам.",,К,Колодка
Колодники,"арестанты, узники в колодках.",,К,Колодники
Колок,"небольшая рощица, перелесок.",,К,Колок
Колпица,птица из разряда цапель.,,К,Колпица
Колчан,"футляр, сумка для стрел.",,К,Колчан
Колымага,закрытый возок шатрового типа с кожаными шторами.,,К,Колымага
Колышка,"ком, кучка.",,К,Колышка
Коль,Добавлено из анализа облаков слов (ручная проверка),,К,Коль
Комелек,нижний толстый конец дерева.,,К,Комелек
Комель,"утолщенная нижняя часть прялки; прилегающая к корню, часть дерева, волоса, рога.",,К,Комель
Коммуникация,"пути, соединяющие базу с местом расположения армии, коммуникационные линии.",,К,Коммуникация
Комонь,"конь, лошадь.",,К,Комонь
Коноватный,"из азиатской шелковой ткани, шедшей на покрывало, фату.",,К,Коноватный
Конча,"верно, непременно, конечно, очень.",,К,Конча
Копань,"яма, вырытая для сбора дождевой воды; неглубокий колодец без сруба.",,К,Копань
Копыл,"короткий брусок в полозьях саней, служащий опорой для кузова.",,К,Копыл
Коренье,укор.,,К,Коренье
Коробья,разного вида сундуки с замками и под печатью.,,К,Коробья
Коровай,"большой круглый подовый хлеб из пшеничной муки, символизировал солнечный круг; ритуальное кушанье на свадьбе.",,К,Коровай
Кортель,"теплый летник, подбитый мехом и покрытый легкой шелковой тканью (без кружев и пуговиц).",,К,Кортель
Корцы,"ковши, выдолбленные из дерева, служили мерой жита.",,К,Корцы
Косарь,большой нож с толстым и широким лезвием.,,К,Косарь
Косица,висок.,,К,Косица
Косный,"медленный, неторопливый, неподвижный.",,К,Косный
Костер,сорная трава из семейства злаковых.,"костерь, костра",К,"Костер, костерь, костра"
Кострица,"жесткая кора льна и конопли, остающаяся после их трепания, чесания.",,К,Кострица (костра)
Косяк,"кусок штучного товара (ткани) в рулоне; одна заправка в ткацком стане, см. постав.",,К,Косяк
Косячная осетрина,соленая тёшка красной рыбы.,,К,Косячная осетрина
Косящетое окно,"окно из ячей-косяков или переплетенных вкось металлических прутьев, типичное для Руси до XVIII в.",,К,Косящетое (косивчатое) окно
Котломы,сдобное печенье.,,К,Котломы
Коты,род теплой обуви.,,К,Коты
Кочедык,инструмент для плетения лаптей.,,К,Кочедык
Кошмичка,войлочный коврик.,кошма,К,"Кошмичка, кошма"
Красик,красавчик.,,К,Красик
Красна,"ручной ткацкий станок; нитяная основа при тканье на ручном станке; полотно, вытканное на кроснах.",,К,Красна (кроено)
Красный,"красивый, прекрасный, украшенный.",,К,Красный
Красный угол,"угол в избе, где висели иконы.",,К,Красный угол
Красота,"венец невесты из лент и цветов, символ девичества и девичьей воли.",,К,Красота
Крестная мать,восприемница от купели при крещении младенца.,,К,Крестная мать
Кресцы,перекрестки.,,К,Крес(т)цы
Крещение,"христианский обряд принятия в число членов церкви, совершаемый через троекратное погружение в воду.",,К,Крещение
Кроеное,"лакомства, которые раздаривались на свадьбе (пряники, орехи и пр.)",,К,Кроеное
Крома,"сума, мешок нищего; «Фома-большая крема» (19 октября) – обилие хлеба и запасов, так зовут и богатого, зажиточного человека.",,К,Крома
Кросенца,домотканые рубашки.,,К,Кросенца
Кросна,крестьянский домашний ткацкий станок.,,К,Кросна
Крошни,плетеные корзины (обычно заплечные).,,К,Крошни
Кружало,"вертящийся гончарный круг; кабак, питейный дом.",,К,Кружало
Кружок,"рыба, нарезанная кусками.",,К,Кружок
Крупитчатый,из белой муки высшего качества.,,К,Крупитчатый
Крыница,"родник, ключ, мелкий колодец; кринка, молочный горшок, узковатый и высокий.",,К,Крыница
Кряж,"колода, короткое бревно.",,К,Кряж
Ксени,икра.,ксенимасы,К,"Ксени, ксенимасы"
Кудель,"вычесанный и перевязанный пучок льна или пеньки, изготовляемый для пряжи.",,К,Кудель
Кужелъ,"кудель, вычесанный лен; льняная пряжа высшего качества.",,К,Кужелъ (кужалъ)
Кузло,"кузнечная работа, ковка; вообще пахотные снаряды.",,К,Кузло
Кузов,короб из лыка или бересты.,,К,Кузов
Кузьминские яблоки,древнерусский сорт красных яблок.,,К,Кузьминские яблоки
Кукомоя,"неряха, неопрятный человек.",,К,Кукомоя
Кулижка,"кулига – лесная поляна, расчищенная для земледелия.",,К,Кулижка
Кум,крестный отец по отношению к родителям крестника и к крестной матери или отец крестника по отношению к его крестному отцу и крестной матери; дружеское обращение к мужчине; бесов кум – бранное выражение.,,К,Кум
Кума,дружеское обращение к женщине; вообще дружески-фамильярно о женщине.,,К,Кума
Кумган,металлический узкогорлый сосуд с крышкой и с ручкой.,,К,Кумган
Куна,куница.,,К,Куна
Куна,"старинный денежный знак, когда собольи, куньи шкурки заменяли деньги.",,К,Куна
Кундупцы,вареники с говядиной в подливке.,кундумцы,К,"Кундупцы, кундумцы"
Курень,"место выжига в лесу углей, угольная яма и изба для рабочих.",,К,Курень
Куржевина,иней.,,К,Куржевина
Курить,вытворять.,,К,Курить
Курчижка,"сук, обрубок.",,К,Курчижка
Кут,"угол, особенно в избе под образами или около печи: «гнилой кут» – северо-западный ветер.",,К,Кут
Кутук,уголок,,К,Кутук
Кутья,разваренные и подслащенные пшеничные зерна.,,К,Кутья
Кушак,узкий и длинный пояс из ткани.,,К,Кушак
Ладер,ток (от: плоский как ладонь).,,Л,Ладер
Ладка,маленькая пышка.,,Л,Ладка
Ладом,"хорошо, как следует.",,Л,Ладом
Ладыга,"лодыжка, щиколотка.",,Л,Ладыга
Лазарет,больница.,,Л,Лазарет
Лазутчик,"разведчик, преимущественно в тылу противника; шпион.",,Л,Лазутчик
Лал,"благородная шпинель, драгоценный камень, по цвету близкий к рубину",,Л,Лал
Лалы,"болтовня, пустословие.",,Л,Лалы
Ланской,"летошний, прошлогодний.",,Л,Ланской
Ластки,цветные четырехугольные вставки под мышками рукавах рубахи.,,Л,Ластки
Лафет,станок артиллерийского орудия.,,Л,Лафет
Леваши,сдобные пирожки с ягодами или вареньем.,левашники,Л,"Леваши, левашники"
Ледень,ледяная глыба.,,Л,Ледень
Лежать под святыми,под иконы на лавку клали покойника.,,Л,Лежать под святыми
Лежень,"лентяй, лежебока.",,Л,Лежень
Ленный,льняной.,,Л,Ленный
Летник,летняя дорога.,,Л,Летник
Летник,"легкая женская одежда, которую носили под верхним платьем.",,Л,Летник
Лизун,коровий язык.,,Л,Лизун
Лик,Добавлено из анализа облаков слов (ручная проверка),,Л,Лик
Ликом,Добавлено из анализа облаков слов (ручная проверка),,Л,Ликом
Лихва,"что-либо излишнее, корыстные доходы, барыши.",,Л,Лихва
Лишитье,излишек.,,Л,Лишитье
Лобанить,бить по лбу; забрить в солдаты.,,Л,Лобанить
Ловитва,охота.,,Л,Ловитва
Лог,"широкий овраг, с пологими склонами.",,Л,Лог
Лодога,одна из пород сига.,,Л,Лодога
Лоский,"гладкий, блестящий.",,Л,Лоский
Луб,"подковровый слой липы, идущий на лыко, из которого делают корзины, плетут лапти.",лубяной,Л,"Луб, лубяной"
Лубочные картинки,"картинки, напечатанные посредством лубка (древесной коры) с награвированным на нем изображением, отличавшиеся обычно примитивностью исполнения; с XVIII века лубочные картины печатались с матриц из меди или олова.",,Л,Лубочные картинки
Лубочные крылья,"крылья, сделанные из лубка, древесной коры.",,Л,Лубочные крылья
Лубье,тонкая дранка.,,Л,Лубье
Луда,"мель, камни в озере, выступающие из воды.",,Л,Луда
Лутошко,липовый прут без коры.,,Л,Лутошко
Лыка,Добавлено из анализа облаков слов (ручная проверка),,Л,Лыка
Лыко,Добавлено из анализа облаков слов (ручная проверка),,Л,Лыко
Лысина,конский налобник в сбруе.,,Л,Лысина
Лысты,"голень, икра ноги.",,Л,Лысты
Лытать,"уклоняться от дела, бегать от работы, праздно шататься, скитаться.",,Л,Лытать
Лычный,сделанный из лыка.,,Л,Лычный
Льзя,можно.,,Л,Льзя
Льстить,"обманывать, соблазнять.",,Л,Льстить
Лютый,"свирепый, кровожадный; жестокий, безжалостный; ожесточенный, яростный; здесь: мучительный, тяжкий.",,Л,Лютый
Ляда,"пустошь, покинутая и заросшая земля.","лядина, лядо, ляшин",Л,"Ляда, лядина, лядо, ляшин"
Лядвеи,ляжки.,,Л,Лядвеи
Мазуни,сладкая масса из редьки с патокой с добавлением пряностей.,,М,Мазуни
Майна,полынья.,,М,Майна
Малариуз (в других списках,балагиус) – черный гранат.,,М,Малариуз (в других списках
Мамка,"нянька, кормилица.",,М,Мамка
Мана,"от манить, обманывать, дурачить.",,М,Мана
Мандрагора,"в русских травниках адамова голова, сонное зелье.",,М,Мандрагора
Маркер,"лицо, прислуживающее при бильярде и ведущее счет во время игры.",,М,Маркер
Марья,"христианская святая, день памяти которой отмечался церковью 1 апреля по ст. ст.",Мария Египетская,М,"Марья, Мария Египетская"
Масляна,"масленица, языческий праздник проводов весны, приуроченный христианской церковью к неделе перед великим постом.",,М,Масляна
Мат,"беда, конец.",,М,Мат
Матица,"осевая балка, скрепляющая стены, на нее кладут потолок.",,М,Матица
Матка,средняя потолочная балка в избе.,матица,М,"Матка, матица"
Маяк,"прасол, перекупщик, скупавший по деревням лен, холсты и прочее для перепродажи на торгах.",,М,Маяк
Медведно,"выделанные медвежьи шкуры, служили полостью в санях.",,М,Медведно
Меж,Добавлено из анализа облаков слов (ручная проверка),,М,Меж
Меженина,недостаток чего-либо (чаще всего – хлеба из-за засухи или неурожая).,,М,Меженина
Меженный,"длинный, долгий, летний.",,М,Меженный (межоный)
Межень,"средний уровень воды, какой устанавливается после половодья (в июне -до жары и засухи).",,М,Межень
Межситка,"простая мука, остающаяся после промалывания пшеничных зерен.",,М,Межситка
Меледа,кедровые орехи.,,М,Меледа
Ментор,"воспитатель, наставник (по имени воспитателя Телемака, сына Одиссея, в гомеровской поэме «Одиссея»).",,М,Ментор
Мережа,"рыболовная сеть, натянутая на обруч.",,М,Мережа
Мерник,ведро или ковш известного объема; обычно в них сытили меды.,,М,Мерник
Месячина,"продовольственный паек, который помещик помесячно выдавал крестьянину.",,М,Месячина
Метафразис,"переложение, иносказание.",,М,Метафразис
Мех,мешок.,,М,Мех
Мзда,"награда, вознаграждение, плата, возмездие, барыш, корысть, прибыток.",,М,Мзда
Мизгирь,паук.,,М,Мизгирь
Миндери,"жесткие тюфяки или подушки, набитые мочалом или волосом.",,М,Миндери
Мир,сельское общество.,,М,Мир
Мирской,"сделанный, приготовленный сообща, «всем миром».",,М,Мирской
Миткалевый,сделанный из миткаля (хлопчатобумажной материи типа ситца).,,М,Миткалевый
Михирь,мужской половой орган.,,М,Михирь
Мнить,"думать, считать.",,М,Мнить
Многовидные,многообразные.,,М,Многовидные
Мнози,многие.,,М,Мнози
Молодик,молодой месяц.,,М,Молодик
Молодуха,"молодая жена, невестка.",,М,Молодуха
Монисто,"ожерелье из бус или монет («вздержка»), надевалось на шею.",,М,Монисто
Морда,плетенка из лозы.,,М,Морда
Морок,"(морока) – облако, туча.",,М,Морок
Мост,"пол, сени.",,М,Мост
Мостина,половица.,,М,Мостина
Мотовило,"орудие на которое наматывают нитки, пряжу с веретена.",,М,Мотовило
Мотушка,"моток пряжи, катушка с намотанной пряжей.",,М,Мотушка
Моченец,вымоченная в воде конопля.,,М,Моченец
Мочно,Можно.,,М,Мочно
Мошна,"мешок для хранения денег, кошелек, символ богатства.",,М,Мошна
Мраз,мороз.,,М,Мраз
Муравленный,покрытый глазурью.,,М,Муравленный
Мусье,"(искаж. франц. monsieur) – форма вежливого упоминания или обращения при фамилии или звании; здесь: воспитатель, гувернер (обычно о французе).",,М,Мусье (мосье)
Мутовка,палка с сучками на конце для взбалтывания чего-либо.,,М,Мутовка
Мушорма,братина с носком и с рукояткой.,мушерма,М,"Мушорма, мушерма"
Мыльня,баня.,,М,Мыльня
Мя,меня.,,М,Мя
Мялица,"мялка, снаряд, которым мнут лен и коноплю, очищая волокна от кострицы.",,М,Мялица
Наветки,"клевета, наговор, намек.",,Н,Наветки
Навколо,около.,,Н,Навколо
Нагольные шубы,"не покрытые тканью, состоящие из одного меха.",,Н,Нагольные шубы
Надолба,"столбик, тумба, вкопанные в землю.",,Н,Надолба
Назем,навоз.,,Н,Назем
Назола,"тоска, грусть, досада, огорчение.",,Н,Назола
Накопыльник,"продольный брус у саней, в который вставлены верхние концы копыльев (см. копыл)",,Н,Накопыльник
Нань,на него.,,Н,Нань
Наперсники,"друзья и доверенные лица, те, кому поверяют сокровенные мысли и тайны.",,Н,Наперсники
Напредки,"вперед, в будущем.",,Н,Напредки
Напуски,"брань, нападки.",,Н,Напуски
Нареченная,"здесь: объявленная, признанная невеста.",,Н,Нареченная
Наст,"подмороженный крепкий слой снега; лед при первых морозах у берегов рек, озер.",,Н,Наст
Настить,стелить холсты для отбелки.,,Н,Настить
Натекать,"набежать, набегать.",,Н,Натекать
Нать,надо (сокращенное от «надеть» – надобно).,,Н,Нать
Натяться,"наткнуться, напасть.",,Н,Натяться
Наузы,гадальные книги: это слово обозначало такж и завороженный от исчистой силы амулет.,,Н,Наузы
Начальник,"основоположник, зачинатель.",,Н,Начальник
Наямиться,напастись припасов на большой расход.,,Н,Наямиться
Небоже,"нищий, убогий.",небога,Н,"Небоже, небога"
Небылые слова,"напраслина, ложь.",,Н,Небылые слова
Необлыжный,"настоящий, неложный.",,Н,Необлыжный
Несть,нет.,,Н,Несть
Неудольный,"неодолимый; обделенный, несчастный.",,Н,Неудольный
Нехристь,"недоброжелательное обозначение нехристианина, неправославного; басурман.",,Н,Нехристь
Неча,ничего.,,Н,Неча
Ниже,"и не, отнюдь не, также не.",,Н,Ниже
Никола,зимний – праздник в честь христианского святого Николая-угодника (6 декабря по ст. ст.). Никола-летний – 9 мая по ст. ст.,,Н,Никола
Новина,крестьянский сотканный холст; суровая небеленая холстина; зерно нового урожая.,,Н,Новина
Новина,"хлеб, а также любые продукты и изделия из первого урожая.",,Н,Новина
Ногавицы,"узкие брюки или род обуви, сшитой наподобие голенишь обычно ярко раскрашенные.",,Н,Ногавицы
Ноугородки золочены,серебряный новгородский рубль по стоимости и весу был в то время вдвое дороже московского.,,Н,Ноугородки золочены
Ночвы,неглубокое деревянное корыто.,,Н,Ночвы
Ночесь,прошлой ночью.,,Н,Ночесь
Нравный,"сердитый, с крутым нравом.",,Н,Нравный
Нудить,принуждать.,,Н,Нудить
Нужа,"бедность, крайность, недостаток.",,Н,Нужа
Ныне,Добавлено из анализа облаков слов (ручная проверка),,Н,Ныне
Обабок,"гриб, подберезовик.",,О,Обабок
Обаять,"оговорить, сглазить.",,О,Обаять (обаить)
Обельный,"крестьянин, освобожденный от податей и повинностей.",,О,Обельный
Обер,"секретарь – старший секретарь в Синоде или правительствующем сенате. В речи Пугачева – о его секретаре, писаре (и о нем же, – в ироническом употреблении, в повествовании Гринева).",,О,Обер
Обжирство,"обжорство, чревоугодие.",,О,Обжирство
Обильность,"богатство, сокровища.",,О,Обильность
Обиход,"привычный, установленный уклад жизни.",,О,Обиход
Облоухий,"долгоухий, ушастый, длинноухий.",,О,Облоухий
Обмежа,полоса вдоль межи (см. умежье),,О,Обмежа
Оборы,"веревки, завязки у лаптей.",,О,Оборы
Образа,"обида, оскорбление, недовольство.",,О,Образа
Оброть,недоуздок.,,О,Оброть
Обрядня,"женская работа в избе по хозяйству, наведение порядка в избе, сам порядок.",,О,Обрядня
Обык,обычай.,,О,Обык
Ов,"этот, эта, это; тот, та, то.","ова, ово",О,"Ов, ова, ово"
Овощи,"все вообще плоды: и овощи, и фрукты.",,О,Овощи
Одесную,справа.,,О,Одесную
Одинакий,одинокий.,,О,Одинакий
Однолична,"одинакова, неизменна, такова же.",,О,Однолична
Однорядка,старинная верхняя мужская одежда.,,О,Однорядка
Одонье,"круглая, с острой вершиной, кладь хлеба в снопах или круглый стог сена.",одонок,О,"Одонье, одонок"
Одры страдные,рабочие повозки со скамьями.,,О,Одры страдные
Ожерелье,пристяжной вышитый стоячий воротник рубахи или зипуна.,,О,Ожерелье
Оказия,"удобный случай; возможность с кем-либо или чем-либо доставить письмо, посылку и т. п.",,О,Оказия
Окрутить,одеть; нарядить (молодую после венца в женскую одежду); обвенчать.,,О,Окрутить
Ометюк,обметенный край платья или покрывала.,,О,Ометюк
Омшаник,уконопаченный махом сруб для зимовки пчел.,,О,Омшаник
Онучи,"обмотки для ноги под сапог или лапоть, портянка.",,О,Онучи
Оный,тот.,,О,Оный
Опара,заправленное дрожжами или закваской забродившее тесто.,,О,Опара
Опашница,короткая мантия свободного покроя из богатой ткани.,,О,Опашница
Опока,иней.,,О,Опока
Опорки,"обувь, сделанная из старых сапог, у которых отрезаны голенища; остатки стоптанной и изодранной обуви.",,О,Опорки
Опорки,рванные сапоги.,,О,Опорки
Опресноки,"пресные хлебцы, употребляемые в церковном ритуале.",,О,Опресноки
Опричнина,"при Иване Грозном часть государства, управляемая непосредственно царем.",,О,Опричнина
Орать,пахать.,,О,Орать
Оргия,"пиршество, сопровождающееся безудержным разгулом и распутством.",,О,Оргия
Оселок,точильный камень.,,О,Оселок
Осминник,"восьмая часть, доля земли хлеба.",,О,Осминник
Основа,продольные нитки ткани при тканье на кроснах (см. уток).,,О,Основа
Остронлив,осторожен.,,О,Остронлив
Остуда,"неприятность, обида, оскорбление, стыд, досада, охлаждение, гнев, размолвка.",,О,Остуда
Отава,"трава, выросшая после укоса; свежая трава, выросшая в тот же год на месте скошенной.",,О,Отава
Отжени,отгони.,,О,Отжени
Отзде,отсюда.,,О,Отзде
Отзимок,поздяя холодная весна.,отзимье,О,"Отзимок, отзимье"
Отнележе,с тех пор как.,,О,Отнележе
Оттопок,"стоптанный, изношенный башмак.",,О,Оттопок
Отщетиться,"потерпеть, лишиться, утратить.",,О,Отщетиться
Отъезжий рубль,"заработанный в отхожем промысле, на стороне.",,О,Отъезжий рубль
Отъем,изъятие.,,О,Отъем
Охабень,распашное платье из шелка или легкого сукна с ожерельем и с нечетным числом пуговиц; охабнем назывался также тяжелый плащ внакидку на ферязь.,охобень,О,"Охабень, охобень"
Охлябь,езда верхом на лошади без седла.,,О,Охлябь
Оход,"желание, охота.",,О,Оход
Охуд,"осуждение, хула.",,О,Охуд
Очеп,"шест, прикрепляемый к потолку в избе, на котором подвешивалась колыбель.",,О,Очеп
Очная ставка,"одновременный перекрестный допрос двух или нескольких лиц, привлекающихся по одному делу.",,О,Очная ставка
Ошурки,"вытопки сала, остатки, подонки.",,О,Ошурки
Ошую,слева.,,О,Ошую
Паголенки,"чулок без ступни, охватывающий только голень ноги.",,П,Паголенки
Пажить,"пастбище, место выгона скота.",,П,Пажить
Пазуха,залив.,,П,Пазуха
Паки,"вновь, опять.",,П,Паки
Паленица,"богатырь, наездник; женщина – воительница, богатырша.",,П,Паленица
Панагия,нагрудное украшение с изображением Богородицы.,,П,Панагия
Парапет,"прикрытие, защищающее от поражения пулями, бруствер.",,П,Парапет
Пароль,"секретное, условленное слово или фраза; применяется для опознавания своих людей на военной службе или в конспиративных организациях.",,П,Пароль
Паска,"пасха, христианский весенний праздник в честь воскресения Иисуса Христа.",,П,Паска
Пасма,моток льняных или пеньковых ниток.,,П,Пасма
Паспорт,"свидетельство, письменный вид (документ) для свободного прохода или проезда.",,П,Паспорт (пашпорт)
Пастырь,"пастух; священник, руководитель паствы.",,П,Пастырь
Патока белая,самотеком стекающая с медовых сотов «медовая слеза» – чистый свежий мед.,,П,Патока белая
Пахва,"седельный ремень с кольцом, в которое продевается хвост лошади, чтобы седло не сползало на шею.",,П,Пахва
Паче,усилительное слово; тем паче – тем более.,,П,Паче
Пачеленки,суставы.,,П,Пачеленки
Пельчатый,с бахромой.,,П,Пельчатый
Пенковая трубка,"трубка, сделанная из пенки, особого легкого огнестойкого минерала.",,П,Пенковая трубка
Пенья,"пеня, выговор, упрек, пенять – сетовать, укорять.",,П,Пенья
Перевара сыченая,пиво и мед домашнего изготовления.,,П,Перевара сыченая
Перевык,"отставанье от прежних привычек, приобретение новых.",,П,Перевык
Перевясло,"сказка, пучок, жгут из крученной соломы для перевязки снопов.",,П,Перевясло
Перелог,запущенное пахотное место.,,П,Перелог
Перемена,смена блюд в обед или на пиру.,,П,Перемена
Перепечи,ритуальные угощения на свадьбе – всякого рода печение.,,П,Перепечи
Перси,грудь.,,П,Перси
Персона,"особа, лицо; изображение особы.",,П,Персона
Персты,пальцы.,,П,Персты
Персть,"прах, пыль.",,П,Персть
Пест,толкач для растирания чего-либо в ступе.,,П,Пест
Пестрец,род гриба; рыба.,,П,Пестрец
Пестун,"лицо, заботящееся о ком-нибудь, опекающее кого-нибудь, заботливый воспитатель.",,П,Пестун
Петр,"христианский апостол, дни его отмечали 21 декабря и 16 января по ст. ст.: Петр-полукорм (полвина зимы, половина корма).",,П,Петр
Петровки,христианский праздник в честь апостолов Петра и Павла (29 июня по ст. ст.).,"Петров день, Петр и Павел",П,"Петровки, Петров день, Петр и Павел"
Пищаль,"старинное огневое оружие: пушка, длинное тяжелое ружье.",,П,Пищаль
Пласти,"пластовые куски рыбы, вычищенные и высушенные.",,П,Пласти
Платать одежду,"чинить, латать, класть заплатки.",,П,Платать одежду
Плоть,тело.,,П,Плоть
Плюсеное,"грязное, заброшенное, всякая «дрянь».",,П,Плюсеное
Повадка,"поблажка, потачка, привычка к чему-либо.",,П,Повадка
Повадно,"привычно, легко, приятно.",,П,Повадно
Повалушка,общая холодная летняя спальня.,,П,Повалушка
Поверстаться,"сравняться, поровняться.",,П,Поверстаться
Поветь,"крыша над скотным двором, также настил над скотным двором, где хранили сено, крытый теплый двор.",,П,Поветь
Повивальная бабушка,"женщина, оказывающая акушерскую помощь при родах.",,П,Повивальная бабушка
Повивка,"обмотка, обвивка.",,П,Повивка
Повой,"повойник, головной убор, шапочка из ткани замужних женщин; обряд повивания невесты во время которого на нее надевают повойник.",,П,Повой
Погост,"сельское кладбище, церковь с кладбищем, земельным участком и домами притча.",,П,Погост
Погребец,дорожный ларец с отдельным местом для посуды.,,П,Погребец
Погутка,"прибаутка, побаска.",,П,Погутка
Подвох,злонамерное действие с целью подвести кого-то.,,П,Подвох
Поджид,"ожидание, от слова «поджидание».",,П,Поджид
Поди,Добавлено из анализа облаков слов (ручная проверка),,П,Поди
Подклеть,"помещение в фундаменте дома, служившее для разных хозяйственных нужд.",,П,Подклеть
Подоплека,"подбой у крестьянской рубахи, от плеч по спине и груди.",,П,Подоплека
Подреза,«сани с подрезами» – с окованным санным полозом.,,П,Подреза
Поезд,"поезжане на свадьбе (седячие – также свидетели на свадьбе, но с другой стороны – жениха или невесты).",,П,Поезд
Пожитки,"мелкое имущество, вещи.",,П,Пожитки
Пожня,"луг, покос; нива, засеянная пашня.",,П,Пожня
Позорище,"зрелище, представление.",,П,Позорище
Покляпло,наклонилось к земле.,,П,Покляпло
Покров,христианский осенний праздник в честь Богородицы (1 октября по ст. ст.).,,П,Покров
Покуть,передний угол; почетное место за столом и на пиру.,,П,Покуть
Полати,деревянный настил в избе для спанья. Устраивается под потолком от печи до наружной стены.,,П,Полати
Полба,"культурный злак, разновидность пшеницы.",,П,Полба
Полдень,юг.,,П,Полдень
Полица,"пола, нижняя часть одежды.",,П,Полица
Полно,достаточно.,,П,Полно
Полок,сцена.,,П,Полок
Полтевое мясо (от полть,разделанная вдоль на две части тушка птицы.,полотки),П,"Полтевое мясо (от полть, полотки)"
Полтина,старинная монета достоинством в пятьдесят копеек или сумма в пятьдесят копеек.,,П,Полтина
Полушка,старинная монета достоинством в четверть копейки.,,П,Полушка
Польга,"льгота, облегчение, прибыль, нажива.",польза,П,"Польга, польза"
Помин,"поминовенье, воспоминанье.",,П,Помин
Понева,"шерстяная, тканная в полоску женская юбка.","понява, понявка",П,"Понева, понява, понявка"
Понеже,поскольку.,,П,Понеже
Попелуйник,"от «попел»: пепел, зола.",,П,Попелуйник (попелуйница)
Порато,"сильно, быстро.",,П,Порато
Пореют,взрослеют.,,П,Пореют
Порный,"сильный, здоровый; взрослый.",,П,Порный
Порода,происхождение (знатное).,,П,Порода
Пороша,падающий ровно снег; слой только что выпавшего снега.,,П,Пороша
Посад,настил в один ряд снопов на току.,,П,Посад
Посаженый отец,"лицо, замещающее отца жениха или невесты на свадьбе.",,П,Посаженый отец
Посконь,конопля; домотканый холст из конопли.,,П,Посконь
Поскотина,"выгон, пастбище.",,П,Поскотина
Послежде,после того как.,,П,Послежде
Постав,"ткацкий стан, на котором ткут законченный кусок сукна или холста.",,П,Постав
Постать,"полоса, поле; делянка, участок поля, занимаемый жницами.",,П,Постать
Постолы,легкая обувь из сырой кожи; один или несколько кусков кожи стянуты вокруг ступни шнурком.,,П,Постолы
Постоялый двор,"помещение для ночлега, с двором для лошадей и экипажей проезжих.",,П,Постоялый двор
Посул,"обещание, обет, данное слово.",,П,Посул
Потворные бабы,колдуньи.,,П,Потворные бабы
Потиральце,полотенце.,,П,Потиральце
Потка,"пичужка, пташка, маленькая птичка.",,П,Потка
Похва,подхвостник у лошади.,,П,Похва
Похлебство,"лесть, угодливость.",,П,Похлебство
Поярковый,"шерстяной, сделанный из поярка, шерсти ярка, овцы первой осени.",,П,Поярковый
Поярчатый,из шерсти первой стрижки ягненка.,,П,Поярчатый
Правеж,"взыскание долга, денег в старинном судопроизводстве с истязанием несостоятельного должника, от «править» – взыскивать, взимать; буквально – «выколачивание» долга.",,П,Правеж
Право,"справедливо, верно.",,П,Право
Прапорщик,младший офицерский чин в армии.,,П,Прапорщик
Прелесть,"обман, соблазн, коварство.",,П,Прелесть
Преснец,пресный хлеб.,,П,Преснец
Претить,запрещать.,,П,Претить
Приблюдено,"приготовлено, запасено, от «блюсти» – соблюдать, хранить, беречь.",,П,Приблюдено
Приборы,"наряды, украшения.",,П,Приборы
Приволока,богатый праздничный наряд.,,П,Приволока (собирательно)
Привяга,привязанность.,,П,Привяга
Прикалиток,"калитка, дверь во двор для пешего прохожего, рядом с воротами.",,П,Прикалиток
Приклад,пример.,,П,Приклад
Прилука,"приманка, прикормка.",,П,Прилука
Примолвка,"присказка, побасенка, речь, слово.",,П,Примолвка
Приписать,посвятить.,,П,Приписать
Присошка,подборка под сохой.,,П,Присошка
Присяжный,"присягнувший кому-нибудь, обязанный присягой.",,П,Присяжный
Притвор,"от «притворять» квашню: дав закиснуть тесту, прибавить муки и воды и месить.",,П,Притвор
Притомный,"свидетель, очевидец.",,П,Притомный
Притча,"рассказ в иносказательной форме; непонятное, труднообъяснимое явление, пословица.",,П,Притча
Причелина,"висячие резные доски, покрывающие торцы бревен у сруба и по краям кровли (от чело – лицо).",,П,Причелина
Прованское масло,"оливковое масло, употребляемое в пищу.",,П,Прованское масло
Проголосная,"протяжная, заунывная.",,П,Проголосная (песня)
Пролетье,"начало лета, июнь, пора до петровок.",,П,Пролетье
Промысл,"предначертание, попечение, мысль.",,П,Промысл
Протекция,"покровительство, защита.",,П,Протекция
Противно,"противоположно, наоборот.",,П,Противно
Прохлады,"удовольствия, наслаждения.",,П,Прохлады
Прутовая рыба,"вычищенная, слегка просоленная и затем провяленная на прутьях рыба высших сортов.",,П,Прутовая рыба
Прядать,"прыгать, скакать, отскакивать в сторону.",,П,Прядать
Пряженец,"лепешка, оладья на масле; блин из черной муки, с маслом.",,П,Пряженец
Пряженица,яичница на сковородке.,,П,Пряженица
Прясло,часть изгороди от столба до столба; приспособление из продольных жердей на столбах для сушки сена.,,П,Прясло
Пуд,"мера веса, равная 16,3 килограмма.",,П,Пуд
Пунш,"напиток, приготовлявшийся из рома или виноградной водки, разведенных горячей водой и приправленных сахаром.",,П,Пунш
Путина,"время, в течение которого производится лов рыбы.",,П,Путина
Пядень,"пядь, мера дины, равная ¼ аршина, или 0,178 метра.",,П,Пядень
Пялички,пяльцы.,,П,Пялички
Пяльцы,"рамка для натягивания ткани, по которой шьют или вышивают.",,П,Пяльцы
Пята,петля двери.,,П,Пята
Пятница,"пятница – христианская святая, день которой отмечался 14 октября по ст. ст.",Параскева,П,"Пятница, Параскева"
Пятью,пять раз.,,П,Пятью
Радеть,"стараться, заботиться, оказывать содействие. Разболокаться – раздеваться.",,Р,Радеть
Радуница,день поминовения умерших на первой неделе после пасхи.,,Р,Радуница
Раменье,"большой дремучий лес, окружающий поле; опушка леса.",,Р,Раменье
Рамон масло,аптечная (римская) ромашка,,Р,Рамон масло
Раскат,"гладкое место, по которому удобно катиться; помост, на котором ставились пушки на крепостных стенах.",,Р,Раскат
Распятие,здесь: крест с изображением распятого Христа.,,Р,Распятие
Расшиперить,"растопырить, раскорячить, расколоть оскалить зубы.",,Р,Расшиперить
Ратай,"крестьянин, пахарь.",,Р,Ратай
Ратин,шерстяная ткань с завитым ворсом для верхней одежды.,,Р,Ратин
Рачитель,"тот, кто заботится, печется о ком- или чем-либо.",,Р,Рачитель
Рвина,"ров, канава, яма, овраг.",,Р,Рвина
Рдеть,"краснеть, стыдиться.",,Р,Рдеть
Редут,полевое укрепление в виде многоугольника с наружным валом и рвом.,,Р,Редут
Реестр,"роспись, перечень.",,Р,Реестр
Рель,"мачта, виселица.",,Р,Рель
Ретивое,сердце.,,Р,Ретивое
Ретивый,"о сердце: горячее, сердитое.",ретливый,Р,"Ретивый, ретливый"
Решити,развязать.,,Р,Решити
Рещи,"сказать, изречь.",,Р,Рещи
Рига,постройка обычно на краю деревни для сушки хлеба; сарай для сушки снопов и молотьбы.,,Р,Рига
Роброн,парадное женское платье с широкой юбкой на каркасе.,,Р,Роброн
Рогатка,"продольный брус на крестообразно врубленных кольях, используемый для заграждения пути.",,Р,Рогатка
Рожон,"острый кол, укрепленный в наклонном положении.",,Р,Рожон
Розно,"отдельно, врозь.",,Р,Розно
Росстань,"перекресток, пересечение дорог, где прощаются разлучаются, расстаются.",,Р,Росстань
Рост,процент за денежную ссуду (отсюда – ростовщик).,,Р,Рост
Рубель,деревянный брусок с ручкой и поперечными желобками для прокатывания (глажения) белья.,,Р,Рубель
Руда,кровь.,,Р,Руда
Рукава,"верхняя, обычно украшенная часть рубахи.",,Р,Рукава
Рукавицы,дорожные муфты.,,Р,Рукавицы
Рупос,"хлам, отрепье, всякий мусор.",,Р,Рупос
Рушать,"резать, разрушать.",,Р,Рушать
Рыть,"бросать, кидать.",,Р,Рыть
Ряда,"условия, договор, подряд, сделка при покупке найме, поставках и пр.",,Р,Ряда (рада)
Рядно,"толстый холст из грубой пряжи, подстилка из такого холста.",,Р,Рядно
Рядович,"простой, рядовой человек, от слова «ряд»; сосед – в деревне.",,Р,Рядович
Рясный,обильный.,,Р,Рясный
Саадак,расшитый чехол для лука и стрел.,,С,Саадак
Садовина,"все, что растет в саду: ягоды, фрукты.",,С,Садовина
Саженье,"нанизанное камнями головное украшение или камешки на ожерелье «низанье»), пришитые на картон: ожерелье крепилось к платью с помощью мутовоза.",,С,Саженье
Сайдак,"оружие, состоящее из лука со стрелами.",,С,Сайдак
Сало,"мелкие пластинки, кусочки льда на поверхности воды перед ледоставом.",,С,Сало
Сан,"облачение, соответствующее положению человека.",,С,Сан
Сандрик,можжевеловая смола.,,С,Сандрик
Сарафан,длинная нарядная женская одежда.,,С,Сарафан
Сарынь,"толпа, ватага, сброд.",,С,Сарынь
Сатисфакция,"удовлетворение за обиду (обычно в форме дуэли, поединка).",,С,Сатисфакция
Сбой,заминка в беге.,,С,Сбой
Сбойливый,"крепко сложенный, ладный.",,С,Сбойливый
Свекор,отец мужа.,,С,Свекор
Сверстать,уравнять одно с другим.,,С,Сверстать
Сверстный человек,назначенный для данного дела.,,С,Сверстный человек
Светец,"подставка, держалка для лучины.",,С,Светец
Светлица,"чистая, светлая комната.",,С,Светлица
Свитка,верхняя длинная одежда (обычно у украинцев).,,С,Свитка
Свобожденник,вольноотпущенник.,,С,Свобожденник
Свороб,зуд на коже.,,С,Свороб
Свояченица,сестра жены.,,С,Свояченица
Святитель,"священноначальник (архиерей, епископ).",,С,Святитель
Сгибень,"пирог, тесто, согнутое пополам.",,С,Сгибень
Севня,"лукошко с зерном, которое сеятель носит через плечо.",,С,Севня
Седмица,"семь дней, неделя.",,С,Седмица
Секундант,"свидетель-посредник, сопровождающий каждого из участников дуэли.",,С,Секундант
Семеюшка,"муж, жена (в похоронных причитаниях).",,С,Семеюшка
Семина,"семь дней, неделя.",,С,Семина
Сени,"крытая галерея, парадная терраса верхнего этажа дома.",,С,Сени
Сержант,"воинское звание младшего командного состава в армии; лицо, носящее это звание.",,С,Сержант
Сермяга,грубое сукно.,,С,Сермяга
Сивер,"север, северный ветер.",сиверко,С,"Сивер, сиверко"
Сикурс,"помощь, поддержка в военных действиях.",,С,Сикурс
Сим,Добавлено из анализа облаков слов (ручная проверка),,С,Сим
Сир,"сиротливый, бедный.",,С,Сир
Сиречь,то есть.,,С,Сиречь
Сих,Добавлено из анализа облаков слов (ручная проверка),,С,Сих
Скало,круглый деревянный валик для катанья белья или раскатывания теста.,"скал, скалка",С,"Скало, скал, скалка"
Скалы,весы.,скалва,С,"Скалы, скалва"
Скородить,"бороновать; волочить что-либо по земле; гнуть, сводить, сгибать.",,С,Скородить
Скрания,"вески, щеки.",,С,Скрания
Скрута,"древнерусский сорт наливных яблочек, позже – один из самых дешевых сортов яблок.",,С,Скрута
Скрута ження,"крута, набор нарядной одежды, обычно женской.",,С,Скрута ження
Скучиться,"собраться в кучу, в одно место.",,С,Скучиться
Слина,слюна.,,С,Слина
Слично,"достойно, прилично, соответствующе.",,С,Слично
Служивый солдат,военнослужащий.,,С,Служивый солдат
Смашной,вкусный.,,С,Смашной
Смолочи заячьи,вымя: в позднейших источниках так называют обычно коровье вымя.,,С,Смолочи заячьи
Смород,"смрад, вонь.",,С,Смород
Смотрители,зрители.,,С,Смотрители
Смотритель,"официальное должностное лицо, которому поручено наблюдение над кем-нибудь или чем-нибудь.",,С,Смотритель
Смычина,"суковатая, крепкая палка, идущая на борону.",,С,Смычина
Снет,сушеная рыба вандыш.,снеток,С,"Снет, снеток"
Собина,"имущество, достояние, пожитки.",собь,С,"Собина, собь"
Содом,"беспорядок, шум, суматоха.",,С,Содом
Сокотать,"стрекотать, кричать по-сорочьи; переносн.: болтать без умолку.",,С,Сокотать
Солод,бродильный продукт из проросших зерен.,,С,Солод
Сорок мучеников,"день памяти христианских Севастийских мучеников, отмечался 9 марта по ст. ст.",,С,Сорок мучеников
Соромиться,срамиться.,,С,Соромиться
Сотью,сто раз.,,С,Сотью
Соцкий,"сотский, крестьянин, избиравшийся для исполнения полицейских функций в деревне.",,С,Соцкий
Сочень,"пресные тонкие лепешки, жаренные на растительном масле (соке): конопляном или льняном.",,С,Сочень
Сочни,"тонкие пресные лепешки из муки, начиненные кашей или творогом.",соцни,С,"Сочни, соцни"
Спас,"христианский праздник преображения в честь Иисуса Христа. В народе праздновался три раза: 1, 6 и 16 августа по ст. ст.",,С,Спас
Спицы,деревянные гвозди в стене.,,С,Спицы
Спорина,"рост, изобилие, прибыль.",,С,Спорина
Спорки,"распоротые части одежды, тряпье.",,С,Спорки (поротье)
Спорый,"прочный, выгодный (о работе, деятельности); энергичный, деловой (о человеке).",,С,Спорый
Спорынья,"быстрота, торопливость в работе; сорняк во ржи.",,С,Спорынья
Спорядный,"сосед, односельчанин (от «ряд» – улица).",,С,Спорядный
Сретенье,христианский праздник в честь Христа (2 февраля по ст. ст.).,,С,Сретенье
Среча,нежелательная встреча.,,С,Среча
Ставец,"большая чашка, миска.",,С,Ставец
Ставец,небольшой приделанный к стене шкафчик для посуды; деревянный или глиняный сосуд с крышкой.,,С,Ставец
Стайка,"стойло, скотный двор, загон, отгороженное место для скота.",,С,Стайка
Стамовик,изгородь из мелкого леса.,становик,С,"Стамовик, становик"
Станица неудольная,дети покойного.,,С,Станица неудольная
Становой,"становой пристав, в дореволюционной России – полицейский чиновник, начальник полицейского управления в уезде.",,С,Становой
Стапешки,жаренные на масле ломтики калача.,,С,Стапешки
Старец,Добавлено из анализа облаков слов (ручная проверка),,С,Старец
Староста,"в дореволюционной России выборное или назначаемое должностное лицо, выполнявшее административно-полицейские обязанности в сельской общине.",,С,Староста
Старца,Добавлено из анализа облаков слов (ручная проверка),,С,Старца
Старшина,"выборное или назначенное лицо, руководящее делами какого либо сообщества.",,С,Старшина
Стезя,"дорога, путь.",,С,Стезя
Стень,тень.,,С,Стень
Стерво,мертвечина.,,С,Стерво
Стихарь,"одежда священнослужителя, прямая, длинная, с широкими рукавами.",,С,Стихарь
Стлище,"место, где расстилают лен или конопель для вялки, просушки или холст для отбелки.",,С,Стлище
Столчак,"стольчак, стульчак.",,С,Столчак
Странный,"странствующий человек, странник.",,С,Странный
Страстная неделя,неделя перед пасхой.,,С,Страстная неделя
Стрелки громные и топорки,сплавленный молнией песок или камень метеоритного происхождения; служили для лечебного «сливания вод».,,С,Стрелки громные и топорки
Стремянный,"слуга, находящийся во время псовой охоты при господине и наблюдающий за его сворой.",,С,Стремянный
Стреха,"нижний, свисающий край крыши деревянного дома, избы.",,С,Стреха
Стропотный,строптивый.,,С,Стропотный
Студ,стыд.,,С,Студ
Стяг,"шест, жердь; флаг, знамя; мясная очищенная туша без головы и ног.",,С,Стяг
Стяжье,"жерди, слеги, толстые палки для укрепления стога или воза с сеном.",,С,Стяжье
Суволока,"плохая посконь, брошенная в поле, всякий бурьян, сорная трава; народ, сброд.",,С,Суволока
Судно,"посудина, сосуд, корабль.",,С,Судно
Суженая,предназначенная судьбой в жены кому-нибудь.,,С,Суженая
Суколено,коленце в стебле.,,С,Суколено
Сукрой,ломоть хлеба во всю ковригу.,,С,Сукрой
Сумет,сугроб.,,С,Сумет
Супостат,"противник, враг.",,С,Супостат
Супостатка,соперница.,,С,Супостатка
Сурово,"ткань без окраски, преимущественно холст.",суровье,С,"Сурово, суровье"
Сурьма,черная краска; сурьмить брови – красить сурьмой.,,С,Сурьма
Сусек,"отсек или ларь в амбаре, где хранится зерно.",,С,Сусек
Суслон,"составленные на ниве для просушки снопы, укрытые верхним снопом.",,С,Суслон
Сухоросо,"без росы, засушливо.",,С,Сухоросо
Существенность,"действительность, окружающий мир.",,С,Существенность
Сущи,"сушеная мелкая рыбешка, не обязательно снеток.","сущь, сушик",С,"Сущи, сущь, сушик"
Схима,"высшая степень монашества в православной церкви, налагающая самые строгие правила.",,С,Схима
Съезжий двор,полицейский участок.,,С,Съезжий двор
Сыр,творог.,,С,Сыр
Сыта,"медовый взвар; вода, подслащенная медом.",,С,Сыта
Сыта,"заведенный на солоде мед, мед сыченый.",,С,Сыта
Сычка,самка сыча (совы). Сычи весной много кричат. Переносное значение: крикливая женщина.,,С,Сычка
Тавранчуг,похлебка из разных сортов рыбы.,,Т,Тавранчуг (тавранчус)
Таган,железная с ножками подставка под кухонную посуду.,,Т,Таган
Таже,"затем, потом.",,Т,Таже
Такожде,также.,,Т,Такожде
Талан,"судьба, удача, счастье.",,Т,Талан
Талина,"талая земля, проталина.",,Т,Талина
Таможенный,служащий в таможне.,,Т,Таможенный
Таможня,"место на границе, учрежденное для осмотра привозимых и вывозимых товаров и для сбора с них пошлины.",,Т,Таможня
Танок,хоровод.,,Т,Танок
Татарские шаровары,"длинные широкие штаны, собранные у щиколоток.",,Т,Татарские шаровары
Тать,вор.,,Т,Тать
Тафта,гладкая и тонкая шелковая ткань восточного происхождения.,,Т,Тафта
Тафтяный,сделанный из тафты.,,Т,Тафтяный
Творец,"бог, автор.",,Т,Творец
Телогрея или душегрея,"легкое нарядное женское платье, которое носили поверх сарафана.",,Т,Телогрея или душегрея
Тенетник,паутина; паук.,,Т,Тенетник
Тенёта,"сеть для ловли зверей, паутина.",,Т,Тенёта
Терлик,"род кафтана до пят, с короткими рукавами и с перехватом в талии, с застежкой на груди.",,Т,Терлик
Тесмяный,сделанный из тесьмы.,,Т,Тесмяный
Ти,тебе.,,Т,Ти
Тиун,"приказчик, управляющий.",,Т,Тиун
Током,течением.,,Т,Током
Толчея,"мельница, где обдирали шелуху с зерна.",,Т,Толчея
Тоня,"рыбная ловля; одна закидка невода; место, где ловят рыбу.",,Т,Тоня
Торлоп,тулуп.,,Т,Торлоп
Тороват,"щедрый, приветливый.",,Т,Тороват
Торок,"порыв ветра, шквал.",,Т,Торок
Торока,"ремни позади седла для привязывания к нему груза, дорожного мешка.",,Т,Торока (тороки)
Тороком,"битой, торной дорогой.",,Т,Тороком
Торопеть,"быть робким, пугливым.",,Т,Торопеть
Торочки,"выпушки, оторочка.",,Т,Торочки
Трактир,гостиница с рестораном; ресторан.,,Т,Трактир
Требник,богослужебная книга.,,Т,Требник
Трензель,"металлическая цепочка для удержания мундштука во рту лошади, использовался как своеобразный музыкальный инструмент.",,Т,Трензель
Треноги,"путы, которыми стреноживают лошадь.",,Т,Треноги
Троеденная,"триединое божество (отец, сын, дух святой).",,Т,Троеденная
Трожды,трижды.,трожжи,Т,"Трожды, трожжи"
Трясца,"лихорадка, трясучка.",трясотье,Т,"Трясца, трясотье"
Туга,"печаль, скорбь, тоска.",,Т,Туга
Туес,"в роде ведерка из бересты, с крышкой.",,Т,Туес
Тукмачи,гороховая лапша.,,Т,Тукмачи
Тулуп,"долгополая меховая шуба (чаще овчинная, заячья), обычно не крытая сукном.",,Т,Тулуп
Турецкая сабля,"военное ручное оружие, несколько выгнутой формы, с рукояткой и острием.",,Т,Турецкая сабля
Тщивый,"щедрый, усердный, заботливый.",,Т,Тщивый
Тын,высокий забор из заостренных кольев.,,Т,Тын
Тьма,десять тысяч.,тма,Т,"Тьма, тма"
Тюлелей,тюлевая оборка.,,Т,Тюлелей
Тюря,"кушанье; хлеб, крошенный в квас, воду, молоко.",,Т,Тюря
Тябло,"кивот, полка для икон.",,Т,Тябло
Тяжа,судебное дело.,тяжба,Т,"Тяжа, тяжба"
Убо,"ибо, так как, поэтому.",,У,Убо
Убогий,"бедный, неимущий, нищий.",,У,Убогий
Уброд,рыхлый глубокий снег.,,У,Уброд
Убрус,"тонкое полотно, полотенце.",,У,Убрус
Убрус,"нарядный головной убор, свадебная фата.",,У,Убрус
Увя,дитя.,,У,Увя
Уд,член.,,У,Уд
Удобно,способно.,,У,Удобно
Ужинистый хлеб,"добрый, обильный ужином, соломой, числом снопов.",,У,Ужинистый хлеб
Укора,"упрек, порицание; укоризна.",,У,Укора (укор)
Укрута (см. крути,праздничная одежда.,округа),У,"Укрута (см. крути, округа)"
Уложенье,"свод, собрание законов.",,У,Уложенье
Умежек,"умежье, полоса вдоль межи (см. обмежа).",,У,Умежек
Умежениться,"прийти в межень, в обычное, среднее состояние, количество.",,У,Умежениться (о воде)
Умет,постоялый двор.,,У,Умет
Уповать,надеяться.,,У,Уповать
Уповод,"срок, определенный период времени от двух до четырех часов; время работы за один прием до отдыха и еды, время проезда без кормежки лошадей.",,У,Уповод
Урядник,унтер-офицерский чин в казачьих войсках.,,У,Урядник
Усечки,"тонкая дрань, оставшаяся после плотничьих работ.",,У,Усечки
Усовники,"лечебные книги с рекомендациями против болезней, сопровождающихся внутренним воспалением (усовье – колотье, боль под ложечкой).",,У,Усовники
Устав,"порядок, обычай.",,У,Устав
Усчина,грубое полотно.,,У,Усчина
Утлый,"ветхий, худой, дырявый.",,У,Утлый
Уток,поперечные нити ткани (см. основа).,,У,Уток
Уторы,"нарезка внутренней поверхности деревянного сосуда у того края, где ребром вставляется дно.",,У,Уторы
Ухитить,"устроить, уладить, укрепить.",,У,Ухитить
Ухитить,"уконопатить махом, приготовить к зиме.",,У,Ухитить
Фамилия,"здесь: род, ряд поколений, имеющий одного предка.",,Ф,Фамилия
Фата,покров из легкой прозрачной ткани: большой четырехугольный платок.,,Ф,Фата
Фельдмаршал,"точнее, генерал-фельдмаршал – высший чин (1-го класса) в сухопутных войсках.",,Ф,Фельдмаршал
Ферязи,"верхняя одежда без пояса и воротника с длиннымн рукавами, распашная с рядом пуговиц.",,Ф,Ферязи
Ферязь,"мужское долгое платье с длинными рукавами, без воротника; женское платье, праздничный сарафан.",,Ф,Ферязь
Флигель,"небольшое строение, находящееся в стороне от главного дома.",,Ф,Флигель
Фомин понедельник,понедельник на второй неделе после пасхи.,,Ф,Фомин понедельник
Форпост,передовой пост охраняющих частей; укрепленный пункт на границе.,,Ф,Форпост
Фразис,"фраза, выражение.",,Ф,Фразис
Фряжские вина,"франкские, т. е. всякие заморские виноградные вина.",,Ф,Фряжские вина
Фуфайка,"короткая одежда в виде рубашки или душегрейки, надеваемая для тепла.",,Ф,Фуфайка
Хайка,"осуждение, порицание – от слова «хаять», осуждать, порицать.",,Х,Хайка
Хвальный,достойный похвал.,,Х,Хвальный
Хвилый,"слабый, хилый.",,Х,Хвилый
Хлопчатая бумага,"волна хлопка, вата.",,Х,Хлопчатая бумага
Холоп,крепостной слуга; человек раболепный.,,Х,Холоп
Холуй,"подхалим, низкопоклонник.",,Х,Холуй
Хохолки,"народные названия мелкого ерша, обычно сушеного: вообще всякая рыбешка, которую продавали не на вес, а мерками","хохоль, хохлики, хохолковые",Х,"Хохолки, хохоль, хохлики, хохолковые"
Хула,порицание.,,Х,Хула
Целик,целина.,,Ц,Целик
Целовальник,"продавец вина в питейных домах, кабаках.",,Ц,Целовальник (цаловальник)
Цеп,"молотило, длинная палка держала, короткая – било, соединены ремнем.",,Ц,Цеп
Циновка,"плотная плетеная рогожа из сученых мочал, соломы, тростника и т. п.",,Ц,Циновка
Чало,"чаялось, казалось.",,Ч,Чало
Чалый,серый.,,Ч,Чалый
Чаятельно,"вероятно, по-видимому.",,Ч,Чаятельно
Чеботарь,сапожник.,,Ч,Чеботарь
Чело,передняя часть русской печи.,,Ч,Чело
Чело печное,вход в печь.,,Ч,Чело печное
Челобитье,письменное прошение.,,Ч,Челобитье
Черевья шапка,пошитая из меха взятого от брюха животного.,,Ч,Черевья шапка
Черемный,"красный, рыжий.",,Ч,Черемный
Чернец,монах.,,Ч,Чернец
Чернец,"монах, монашенка.",черница,Ч,"Чернец, черница"
Черница,черника.,,Ч,Черница
Черногуз,ласточка.,,Ч,Черногуз
Черносошный,"государственный крестьянин, плативший дань, подать с сохи.",,Ч,Черносошный
Черностоп,осенние холода без снега.,,Ч,Черностоп
Четверик,"старая русская мера или предмет, содержащие 4 какие-нибудь единицы (напр., куль в 4 пуда).",,Ч,Четверик
Четыги,"мягкие кожаные (сафьяновые) или матерчатые чулки с подошвой из нескольких слоев кожи, на которые затем надевались башмаки.","чедыги, чеготья",Ч,"Четыги, чедыги, чеготья"
Чехол,"собирательное название всякого покрывала, в данном случае – халат.",,Ч,Чехол
Чин,порядок.,,Ч,Чин
Чин,"правильный порядок службы или действия: лицо, его исполняющее.",,Ч,Чин
Чресла,"бедра, поясница, стан.",,Ч,Чресла
Чтец,читатель.,,Ч,Чтец
Чтительный,"уважаемый, почитаемый.",,Ч,Чтительный
Чуваши,"древнейшие обитатели среднего Поволжья; формирование чувашского народа происходило на занимаемой им в настоящее время территории, в результате сложного процесса ассимиляции местных племен булгарами и родственными им сувазами.",,Ч,Чуваши
Чужится,чуждается.,,Ч,Чужится
Чуйка,длинный суконный кафтан.,,Ч,Чуйка
Чумичка,"уполовник, переносн. значение: неопрятная женщина.",,Ч,Чумичка
Чюмички,кухонные ковши с длинной ручкой.,,Ч,Чюмички
Шабала,"баклуша, осиновый чурбан, из которого точат деревянную посуду.",шебала,Ш,"Шабала, шебала"
Шабур,"сермяжина, домотканая одежда из грубого домотканого материала; плохая, грубая одежда.",,Ш,Шабур
Шайка,"скопище людей, ватага; деревянная посудина с ручкой для зачерпываняя и носки воды.",,Ш,Шайка
Шалыга,"плетеный мяч; деревянный шар; плеть, кнут, погонялка.",,Ш,Шалыга (шелыга)
Шаль,"шалость, баловство, от слова «шалить».",,Ш,Шаль
Шанцы,окопы.,,Ш,Шанцы
Шаньга,"ватрушка, сочень, простая лепешка.",,Ш,Шаньга
Шафран,в Домострое обозначает всякую вообще пряность.,,Ш,Шафран
Шеломчатый,с выпуклой шляпкой.,,Ш,Шеломчатый
Шерстни,шершни.,,Ш,Шерстни
Шерстобит,"тот, кто бьет, треплет, пушит шерсть.",,Ш,Шерстобит
Шестная говядина,то есть вяленная на шестах.,,Ш,Шестная говядина
Шесток,площадка перед устьем русской печи.,,Ш,Шесток
Шестокрыл,таблицы для гадания по знакам Зодиака и по звездам.,,Ш,Шестокрыл
Шехонская осетрина,выловленная в Шексне.,,Ш,Шехонская осетрина
Шипок,"роза, розовый.",шипковый,Ш,"Шипок, шипковый"
Ширинка,"женский носовой или шейный платок, расшитый, иногда с кисточками.",,Ш,Ширинка
Ширинка,"полотенце, полотнище, кусок ткани во всю ширину.",,Ш,Ширинка
Шишки,сладкие булочки или печенье круглой формы.,,Ш,Шишки
Шолом,"крыша; навес, крыша на столбах.",,Ш,Шолом
Шолуди,"сыпь по телу, струпья, короста.",,Ш,Шолуди
Шпага,"оружие, состоящее из прямого клинка и эфеса.",,Ш,Шпага
Штоф,"стеклянный четырехугольный сосуд с коротким горлом; мера, содержащая в себе кружку, или восьмую часть ведра.",,Ш,Штоф
Шубка женская,"покроем напоминала сорочку до пят, без разреза на полы.",,Ш,Шубка женская
Щапливый,щеголеватый.,,Щ,Щапливый
Щедровитый,"рябой, от слова «щедрина» (или «шадрина») – следы от оспы на лице.",,Щ,Щедровитый
Щепа,деревянная посуда.,,Щ,Щепа
Щербота,ущербность.,,Щ,Щербота
Щи двои,"вообще похлебка, всякий суп с приправами, но без мяса, дичи или рыбы.",,Щ,Щи двои
Щи кислые,"овощной напиток вроде кваса, который можно было заправлять крупой или овощами.",,Щ,Щи кислые
Эдиция,издание.,,Э,Эдиция
Элегия,"род стихотворения, в котором выражается грустное или меланхолическое чувство.",,Э,Элегия
Эпитафия,надпись на надгробном памятнике.,,Э,Эпитафия
Эпитимия,"духовное наказание (пост, длительные молитвы и т. д.).",,Э,Эпитимия
Эскадрон,часть или отряд конного полка.,,Э,Эскадрон
Эфесиянцы,жители Эфеса.,,Э,Эфесиянцы
Юже,"что, которую.",,Ю,Юже
Юр,высокое место.,,Ю,Юр
Яглы,"общее название некоторых крупяных продуктов, получаемых из остролистных растений, например – просо (ягль – ячная крупа).",,Я,Яглы
Ядение,"еда, пища, процесс еды.",,Я,Ядение
Яже,"что, которая.",,Я,Яже
Язык,"народ, племя.",,Я,Язык
Якши,"хорошо, ладно.",,Я,Якши (тат.)
Ялая,бесплодная (о скоте).,яловая,Я,"Ялая, яловая"
Яловая,нетелившаяся корова.,,Я,Яловая
Ямщик,"казенный крестьянин, для которого подушная подать была заменена ездой на своих лошадях по почтовым трактам.",,Я,Ямщик
Япанча,"накидка, широкий плащ, длинное верхнее платье без рукавов.",,Я,Япанча
Яровчаты,"из явора, постоянный эпитет для гуслей.",,Я,Яровчаты
Ярые зайцы,"белые, весенние.",,Я,Ярые зайцы
Ярыжка,пьяница.,,Я,Ярыжка
Ярь,яровой хлеб.,ярица,Я,"Ярь, ярица"
